fecha,estado,casas
2026-09-27,AL,104
2026-09-27,AR,1
2026-09-27,AZ,287
2026-09-27,CA,247
2026-09-27,CO,156
2026-09-27,CT,2
2026-09-27,DC,6
2026-09-27,DE,9
2026-09-27,FL,404
2026-09-27,GA,642
2026-09-27,ID,11
2026-09-27,IL,49
2026-09-27,IN,131
2026-09-27,KS,21
2026-09-27,KY,27
2026-09-27,LA,23
2026-09-27,MA,18
2026-09-27,MD,56
2026-09-27,ME,1
2026-09-27,MI,54
2026-09-27,MN,84
2026-09-27,MO,90
2026-09-27,MS,3
2026-09-27,NC,606
2026-09-27,NH,3
2026-09-27,NJ,32
2026-09-27,NM,36
2026-09-27,NV,63
2026-09-27,NY,13
2026-09-27,OH,182
2026-09-27,OK,61
2026-09-27,OR,95
2026-09-27,PA,31
2026-09-27,RI,1
2026-09-27,SC,301
2026-09-27,TN,219
2026-09-27,TX,815
2026-09-27,UT,28
2026-09-27,VA,114
2026-09-27,VT,1
2026-09-27,WA,52
2026-09-27,WI,13
2026-09-27,WV,6
2026-09-28,AL,105
2026-09-28,AR,1
2026-09-28,AZ,289
2026-09-28,CA,249
2026-09-28,CO,157
2026-09-28,CT,2
2026-09-28,DC,6
2026-09-28,DE,9
2026-09-28,FL,410
2026-09-28,GA,649
2026-09-28,ID,11
2026-09-28,IL,49
2026-09-28,IN,132
2026-09-28,KS,21
2026-09-28,KY,27
2026-09-28,LA,23
2026-09-28,MA,18
2026-09-28,MD,56
2026-09-28,ME,1
2026-09-28,MI,54
2026-09-28,MN,82
2026-09-28,MO,91
2026-09-28,MS,3
2026-09-28,NC,606
2026-09-28,NH,3
2026-09-28,NJ,32
2026-09-28,NM,35
2026-09-28,NV,63
2026-09-28,NY,13
2026-09-28,OH,180
2026-09-28,OK,58
2026-09-28,OR,95
2026-09-28,PA,31
2026-09-28,SC,301
2026-09-28,TN,220
2026-09-28,TX,822
2026-09-28,UT,27
2026-09-28,VA,114
2026-09-28,VT,1
2026-09-28,WA,50
2026-09-28,WI,13
2026-09-28,WV,6
2026-09-29,AL,105
2026-09-29,AR,1
2026-09-29,AZ,292
2026-09-29,CA,248
2026-09-29,CO,154
2026-09-29,CT,2
2026-09-29,DC,6
2026-09-29,DE,9
2026-09-29,FL,414
2026-09-29,GA,652
2026-09-29,ID,11
2026-09-29,IL,49
2026-09-29,IN,130
2026-09-29,KS,21
2026-09-29,KY,27
2026-09-29,LA,22
2026-09-29,MA,18
2026-09-29,MD,56
2026-09-29,ME,1
2026-09-29,MI,56
2026-09-29,MN,83
2026-09-29,MO,92
2026-09-29,MS,3
2026-09-29,NC,617
2026-09-29,NH,3
2026-09-29,NJ,31
2026-09-29,NM,37
2026-09-29,NV,64
2026-09-29,NY,13
2026-09-29,OH,181
2026-09-29,OK,57
2026-09-29,OR,95
2026-09-29,PA,32
2026-09-29,SC,303
2026-09-29,TN,223
2026-09-29,TX,832
2026-09-29,UT,27
2026-09-29,VA,116
2026-09-29,VT,1
2026-09-29,WA,52
2026-09-29,WI,13
2026-09-29,WV,6
